<?xml version="1.0" encoding="UTF-8" standalone="yes"?>

<mainmenu>

<title>[COLOR yellow]Cài các add-ons và repositories [/COLOR]chính chủ</title>
<link>instaddrep</link>
<mode>1</mode>
<thumbnail>plusaddons</thumbnail>

<title>[COLOR magenta]Nhập tài khoản VIP Fshare[/COLOR]</title>
<link>fsharevip</link>
<mode>12</mode>
<thumbnail>fshare</thumbnail>

<title>[COLOR lightblue]Nhập các nguồn vào Kodi[/COLOR]</title>
<link>sources</link>
<mode>13</mode>
<thumbnail>source</thumbnail>

<title>[COLOR orange]Chọn cài skin khác cho Kodi[/COLOR]</title>
<link>ChangeSkin</link>
<mode>6</mode>
<thumbnail>kodiskin</thumbnail>

<title>[COLOR cyan]Tạo autoexec.py để tự động chạy add-on[/COLOR]</title>
<link>auto_start</link>
<mode>7</mode>
<thumbnail>autostart</thumbnail>

<title>[COLOR red]Xoá autoexec.py[/COLOR]</title>
<link>del_auto</link>
<mode>8</mode>
<thumbnail>delauto</thumbnail>

<title>[COLOR orangered]Xoá VIP Fshare[/COLOR]</title>
<link>delfshare</link>
<mode>9</mode>
<thumbnail>delvip</thumbnail>

<title>[COLOR blue]Add-on Settings[/COLOR]</title>
<link>opensettings</link>
<mode>10</mode>
<thumbnail>settings</thumbnail>

<title>[B]****** [COLOR lime]Mục Đặc Biệt[/COLOR] ******[/B]</title>
<link>bonuses</link>
<mode>18</mode>
<thumbnail>bonus</thumbnail>

</mainmenu>