<?xml version="1.0" encoding="UTF-8" standalone="yes"?>

<submenu>

<title>[COLOR yellow]Cài VietMediaF[/COLOR]</title>
<link>vietmediaF</link>
<mode>21</mode>
<thumbnail>vmf</thumbnail>

<title>[COLOR cyan]Cài Xshare[/COLOR]</title>
<link>xshare</link>
<mode>21</mode>
<thumbnail>xs</thumbnail>

<title>[COLOR orange]Cài Kodi4VN Launcher[/COLOR]</title>
<link>kodi4vn.launcher</link>
<mode>21</mode>
<thumbnail>vnop</thumbnail>

<title>[COLOR magenta]Cài VN Open Playlist[/COLOR]</title>
<link>thongld.vnplaylist</link>
<mode>21</mode>
<thumbnail>vnop</thumbnail>

<title>[COLOR red]Cài ITV Plus[/COLOR]</title>
<link>itvplus</link>
<mode>21</mode>
<thumbnail>plus</thumbnail>

<title>[COLOR lightgreen]Cài HDPlay[/COLOR]</title>
<link>tnp.hdplay</link>
<mode>21</mode>
<thumbnail>hdplay</thumbnail>

<title>[COLOR blue]Cài MediaShare[/COLOR]</title>
<link>tnp.mediashare</link>
<mode>21</mode>
<thumbnail>mshare</thumbnail>

<title>[COLOR lime]Cài TV Viet Nam[/COLOR]</title>
<link>tvvn</link>
<mode>21</mode>
<thumbnail>vn</thumbnail>

<title>[COLOR violet]Cài CongGiao[/COLOR]</title>
<link>conggiao</link>
<mode>21</mode>
<thumbnail>cg</thumbnail>

</submenu>