<?xml version="1.0" encoding="UTF-8" standalone="yes"?>

<specials>

<title>[COLOR fuchsia]Enable các add-ons và repositories cho Kodi 17 trở lên[/COLOR]</title>
<link>enableall</link>
<mode>17</mode>
<thumbnail>enable</thumbnail>

<title>[COLOR cyan]Cập nhật thủ công các add-ons và repositories[/COLOR]</title>
<link>mupdate</link>
<mode>14</mode>
<thumbnail>update</thumbnail>

<title>[COLOR lime]Cài thêm repository với link tải trực tiếp[/COLOR]</title>
<link>directlink</link>
<mode>11</mode>
<thumbnail>repoplus</thumbnail>

<title>[COLOR yellow]Tải zip file về thư mục datafile của add-on này[/COLOR]</title>
<link>downzip</link>
<mode>15</mode>
<thumbnail>zfile</thumbnail>

<title>[COLOR red]Xoá zip file trong thư mục datafile của add-on này[/COLOR]</title>
<link>delzip</link>
<mode>16</mode>
<thumbnail>delzfile</thumbnail>

</specials>