<?xml version="1.0" encoding="UTF-8" standalone="yes"?>

<source_info>

<title>[COLOR magenta]Nhập nguồn http://repo.kodi.vn vào Kodi[/COLOR]</title>
<link>http://repo.kodi.vn</link>
<mode>5</mode>
<thumbnail>viet</thumbnail>

<title>[COLOR gold]Nhập nguồn http://srp.nu vào Kodi[/COLOR]</title>
<link>http://srp.nu</link>
<mode>5</mode>
<thumbnail>srp</thumbnail>

<title>[COLOR cyan]Nhập nguồn http://fusion.tvaddons.co vào Kodi[/COLOR]</title>
<link>http://fusion.tvaddons.co</link>
<mode>5</mode>
<thumbnail>fusion</thumbnail>

<title>[COLOR lightgreen]Nhập nguồn http://repo.kongnghe.net (HieuIT) vào Kodi[/COLOR]</title>
<link>http://repo.kongnghe.net</link>
<mode>5</mode>
<thumbnail>HieuIT</thumbnail>

<title>[COLOR lime]Nhập nguồn http://kodi.hieuhien.vn vào Kodi[/COLOR]</title>
<link>http://kodi.hieuhien.vn</link>
<mode>5</mode>
<thumbnail>hh</thumbnail>

</source_info>