<?xml version="1.0" encoding="UTF-8" standalone="yes"?>

<fshare>

<title>[COLOR violet]Nhập tài khoản VIP Fshare vào VietMediaF[/COLOR]</title>
<link>plugin.video.vietmediaF</link>
<mode>2</mode>
<thumbnail>fvmf</thumbnail>

<title>[COLOR lightblue]Nhập tài khoản VIP Fshare vô Xshare[/COLOR]</title>
<link>plugin.video.xshare</link>
<mode>2</mode>
<thumbnail>fxshare</thumbnail>

<title>[COLOR cyan]Nhập tài khoản VIP Fshare vào Xshare tiny[/COLOR]</title>
<link>plugin.video.xshare.tiny</link>
<mode>2</mode>
<thumbnail>fxsharetiny</thumbnail>

<title>[COLOR yellow]Nhập tài khoản VIP Fshare vào VN Open Playlist[/COLOR]</title>
<link>plugin.video.thongld.vnplaylist</link>
<mode>2</mode>
<thumbnail>fvnop</thumbnail>

<title>[COLOR lime]Nhập tài khoản VIP Fshare vào Trung tâm giải trí (HieuHien.vn)[/COLOR]</title>
<link>plugin.video.HieuHien.vn</link>
<mode>2</mode>
<thumbnail>fhh</thumbnail>

</fshare>