<?xml version="1.0" encoding="UTF-8" standalone="yes"?>

<mainmenu>

<title>[COLOR yellow]Cài các add-ons và repositories [/COLOR]chính chủ</title>
<link>instaddrep</link>
<mode>1</mode>
<thumbnail>plusaddons</thumbnail>

<title>[COLOR violet]Nhập tài khoản VIP Fshare vào VietMediaF[/COLOR]</title>
<link>VietMediaF</link>
<mode>2</mode>
<thumbnail>fvmf</thumbnail>

<title>[COLOR orange]Nhập tài khoản VIP Fshare vào Xshare[/COLOR]</title>
<link>Xshare</link>
<mode>3</mode>
<thumbnail>fxshare</thumbnail>

<title>[COLOR lime]Nhập tài khoản VIP Fshare vào Xshare tiny[/COLOR]</title>
<link>Xshare tiny</link>
<mode>4</mode>
<thumbnail>fxsharetiny</thumbnail>

<title>[COLOR magenta]Nhập nguồn http://repo.kodi.vn vào Kodi[/COLOR]</title>
<link>http://repo.kodi.vn</link>
<mode>5</mode>
<thumbnail>viet</thumbnail>

<title>[COLOR gold]Nhập nguồn http://srp.nu vào Kodi[/COLOR]</title>
<link>http://srp.nu</link>
<mode>5</mode>
<thumbnail>srp</thumbnail>

<title>[COLOR lightgreen]Nhập nguồn http://fusion.tvaddons.co vào Kodi[/COLOR]</title>
<link>http://fusion.tvaddons.co</link>
<mode>5</mode>
<thumbnail>fusion</thumbnail>

<title>[COLOR orangered]Chọn cài skin khác cho Kodi[/COLOR]</title>
<link>ChangeSkin</link>
<mode>6</mode>
<thumbnail>kodiskin</thumbnail>

<title>[COLOR cyan]Tạo autoexec.py để tự động chạy add-on[/COLOR]</title>
<link>auto_start</link>
<mode>7</mode>
<thumbnail>autostart</thumbnail>

<title>[COLOR red]Xoá autoexec.py[/COLOR]</title>
<link>del_auto</link>
<mode>8</mode>
<thumbnail>delauto</thumbnail>

</mainmenu>