<?xml version="1.0" encoding="UTF-8" standalone="yes"?>

<submenu>

<title>[COLOR yellow]Cài VietMediaF[/COLOR]</title>
<link>vietmediaF</link>
<mode>21</mode>
<thumbnail>vmf</thumbnail>

<title>[COLOR cyan]Cài Xshare[/COLOR]</title>
<link>xshare</link>
<mode>21</mode>
<thumbnail>xs</thumbnail>

<title>[COLOR gold]Cài Xshare tiny[/COLOR]</title>
<link>xshare.tiny</link>
<mode>21</mode>
<thumbnail>xs</thumbnail>

<title>[COLOR lightblue]Cài Xshare subtitles[/COLOR]</title>
<link>service.subtitles.xshare</link>
<mode>21</mode>
<thumbnail>xs</thumbnail>

<title>[COLOR magenta]Cài VN Open playlist[/COLOR]</title>
<link>thongld.vnplaylist</link>
<mode>21</mode>
<thumbnail>vnop</thumbnail>

<title>[COLOR orange]Cài Kodi4VN Launcher[/COLOR]</title>
<link>kodi4vn.launcher</link>
<mode>21</mode>
<thumbnail>vnop</thumbnail>

<title>[COLOR lime]Cài Trung tâm giải trí[/COLOR]</title>
<link>HieuHien.vn</link>
<mode>21</mode>
<thumbnail>hh</thumbnail>

<title>[COLOR red]Cài ITV Plus[/COLOR]</title>
<link>itvplus</link>
<mode>21</mode>
<thumbnail>plus</thumbnail>

<title>[COLOR lightgreen]Cài HDPlay[/COLOR]</title>
<link>tnp.hdplay</link>
<mode>21</mode>
<thumbnail>hdplay</thumbnail>

<title>[COLOR blue]Cài MediaShare[/COLOR]</title>
<link>tnp.mediashare</link>
<mode>21</mode>
<thumbnail>mshare</thumbnail>

<title>[COLOR orangered]Cài TV Viet Nam[/COLOR]</title>
<link>tvvn</link>
<mode>21</mode>
<thumbnail>vn</thumbnail>

<title>[COLOR violet]Cài CongGiao[/COLOR]</title>
<link>conggiao</link>
<mode>21</mode>
<thumbnail>cg</thumbnail>

</submenu>